From,To,Bandwidth
-1,0,11.2082293278281
0,0,386.298477432757
