From,To,Bandwidth
-1,0,11.2082293278281
0,0,386.298477432757
0,1,24.2378090397795
-1,1,11.8987242032587
1,0,24.2397635291757
1,1,355.914443648453
