From,To,Bandwidth
-1,0,11.2236144430009
0,0,382.066735780204
0,1,48.4246883140089
0,2,48.4092355651239
0,3,24.2319824613951
-1,1,11.2110117353431
1,0,48.4240855636543
1,1,357.183679301002
1,2,24.2413790114003
1,3,24.239010586642
-1,2,11.230164622341
2,0,48.4451076994266
2,1,24.2381088681883
2,2,354.396789462445
2,3,48.4221332796503
-1,3,11.2010372359425
3,0,24.2321705835029
3,1,24.2387479432744
3,2,48.4320404552588
3,3,352.34292982227
